id,created_at,device_id,temperature,humidity
11,2025-10-01 14:58:19.714213+00,1,24.9,35
12,2025-10-01 14:58:23.171001+00,1,25.3,35
13,2025-10-01 14:58:26.620665+00,1,25.4,35
14,2025-10-01 14:58:30.013735+00,1,25.4,35
15,2025-10-01 14:58:33.354121+00,1,25.5,35
16,2025-10-01 14:58:36.784514+00,1,25.6,35
17,2025-10-01 14:58:40.234305+00,1,25.6,35
18,2025-10-01 14:58:43.564657+00,1,25.6,35
19,2025-10-01 14:58:47.026941+00,1,25.7,35
20,2025-10-01 14:58:50.499015+00,1,25.8,35
21,2025-10-01 14:58:53.970773+00,1,25.8,35
22,2025-10-01 14:58:57.356861+00,1,25.9,35
23,2025-10-01 14:59:00.718548+00,1,25.9,35
24,2025-10-01 14:59:04.108493+00,1,26,35
25,2025-10-01 14:59:07.478238+00,1,26,35
26,2025-10-01 14:59:10.858299+00,1,26,35
27,2025-10-01 14:59:14.241332+00,1,26,35
28,2025-10-01 14:59:17.6192+00,1,26.1,35
29,2025-10-01 14:59:20.940834+00,1,26.1,35
30,2025-10-01 14:59:24.27943+00,1,26.1,35
31,2025-10-01 14:59:27.650878+00,1,26.1,35
32,2025-10-01 14:59:31.029173+00,1,26.2,34
33,2025-10-01 14:59:34.401485+00,1,26.2,34
34,2025-10-23 08:51:30.755909+00,1,25.5,55
35,2025-10-23 12:03:52.548374+00,1,23.3,42
36,2025-10-23 12:10:03.243187+00,1,23.3,41
37,2025-10-23 12:17:55.538527+00,1,23.1,41
38,2025-10-23 12:18:35.06364+00,1,23.1,41
39,2025-10-23 12:18:56.757544+00,1,23.1,41
40,2025-10-23 12:19:07.410403+00,1,23.1,41
41,2025-10-23 12:22:39.761871+00,1,23,41
42,2025-10-23 12:26:44.049184+00,1,23,41
43,2025-10-23 12:28:13.07011+00,1,22.9,41
44,2025-10-23 12:28:21.721705+00,1,22.9,41
45,2025-10-23 12:30:20.157047+00,1,22.9,41
46,2025-10-23 12:32:24.965604+00,1,22.9,41
47,2025-10-23 12:34:13.693174+00,1,22.9,41
48,2025-10-23 12:34:50.052939+00,1,22.9,41
49,2025-10-23 12:34:59.41464+00,1,22.9,41
50,2025-10-23 12:35:09.06115+00,1,22.9,41
51,2025-10-23 12:35:18.53773+00,1,22.9,41
52,2025-10-23 12:35:27.966733+00,1,22.9,41
53,2025-10-23 12:35:37.512034+00,1,22.9,41
54,2025-10-23 12:35:47.233708+00,1,22.9,41
55,2025-10-23 12:35:56.91836+00,1,22.9,41
56,2025-10-23 12:36:06.373987+00,1,22.9,41
57,2025-10-23 12:36:16.07703+00,1,22.9,41
58,2025-10-23 12:36:25.478096+00,1,22.9,41
59,2025-10-23 12:36:34.619823+00,1,22.9,41
60,2025-10-23 12:36:44.279641+00,1,22.9,41
61,2025-10-23 12:36:53.740958+00,1,22.9,41
62,2025-10-27 13:56:54.499802+00,1,21.3,44
63,2025-10-27 13:57:04.486635+00,1,21.3,44
64,2025-10-27 13:57:14.389662+00,1,21.3,44
65,2025-10-27 13:57:23.955338+00,1,21.3,44
66,2025-10-27 13:57:33.459575+00,1,21.3,44
67,2025-10-27 13:57:42.930141+00,1,21.3,44
68,2025-10-27 13:57:52.766924+00,1,21.3,44
69,2025-10-27 13:58:02.13226+00,1,21.2,44
70,2025-10-27 13:58:11.935162+00,1,21.2,44
71,2025-10-27 13:58:21.494859+00,1,21.2,44
72,2025-10-27 13:58:30.98798+00,1,21.2,44
73,2025-10-27 13:58:40.629258+00,1,21.2,44
74,2025-10-27 13:58:50.277485+00,1,21.1,44
75,2025-10-27 13:58:59.922748+00,1,21.1,44
76,2025-10-27 13:59:09.460188+00,1,21.1,44
77,2025-10-27 13:59:18.879519+00,1,21.1,44
78,2025-10-27 13:59:28.559354+00,1,21.1,44
79,2025-10-27 13:59:38.446633+00,1,21,44
80,2025-10-27 13:59:47.981127+00,1,21,44
81,2025-10-27 13:59:57.375277+00,1,21,44
82,2025-10-27 14:00:06.971884+00,1,21,44
83,2025-10-27 14:00:16.56084+00,1,21,44
84,2025-10-27 14:00:26.029976+00,1,21,44
85,2025-10-27 14:00:35.396249+00,1,21,44
86,2025-10-27 14:00:44.849404+00,1,21,44
87,2025-10-27 14:00:54.010137+00,1,20.9,45
88,2025-10-27 14:01:03.50531+00,1,20.9,45
89,2025-10-27 14:01:12.846496+00,1,20.9,45
90,2025-10-27 14:01:22.331194+00,1,20.9,45
91,2025-10-27 14:01:31.933642+00,1,20.9,45
92,2025-10-27 14:01:41.332902+00,1,20.9,45
93,2025-10-27 14:01:50.639097+00,1,20.9,45
94,2025-10-27 14:01:59.823346+00,1,20.9,45
95,2025-10-27 14:02:09.147296+00,1,20.9,45
96,2025-10-27 14:02:18.249693+00,1,20.9,45
97,2025-10-27 14:02:27.51801+00,1,20.9,45
98,2025-10-27 14:02:36.720322+00,1,20.9,45
99,2025-10-27 14:02:46.299896+00,1,20.9,45
100,2025-10-27 14:02:55.71889+00,1,20.9,45
101,2025-10-27 14:03:05.168369+00,1,20.9,45
102,2025-10-27 14:03:14.654256+00,1,20.9,45
103,2025-10-27 14:03:24.184995+00,1,20.9,45
104,2025-10-27 14:03:33.528181+00,1,20.9,45
105,2025-10-27 14:03:42.779905+00,1,20.9,45
106,2025-10-27 14:03:52.158158+00,1,20.9,45
107,2025-10-27 14:04:01.531105+00,1,20.9,45
108,2025-10-27 14:04:10.707029+00,1,20.9,45
109,2025-10-27 14:04:19.778096+00,1,20.9,45
110,2025-10-27 14:04:29.194638+00,1,20.9,46
111,2025-10-27 14:04:38.598979+00,1,20.9,46
112,2025-10-27 14:04:47.758525+00,1,20.9,46
113,2025-10-27 14:04:56.97254+00,1,20.9,46
114,2025-10-27 14:05:06.468121+00,1,20.9,46
115,2025-10-27 14:05:15.767808+00,1,20.9,46
116,2025-10-27 14:05:25.304616+00,1,20.9,46
117,2025-10-27 14:05:34.849952+00,1,20.9,46
118,2025-10-27 14:05:44.138661+00,1,20.9,46
119,2025-10-27 14:05:53.405153+00,1,20.9,46
120,2025-10-27 14:06:02.533075+00,1,20.9,46
121,2025-10-27 14:06:11.849888+00,1,20.9,46
122,2025-10-27 14:06:21.001523+00,1,20.9,46
123,2025-10-27 14:06:30.505823+00,1,20.9,46
124,2025-10-27 14:06:39.775344+00,1,20.9,46
125,2025-10-27 14:06:49.001101+00,1,20.9,46
126,2025-10-27 14:06:58.325895+00,1,20.9,46
127,2025-10-27 14:07:07.664733+00,1,20.9,46
128,2025-10-27 14:07:16.999336+00,1,20.9,46
129,2025-10-27 14:07:26.986386+00,1,20.9,46
130,2025-10-27 14:07:36.392735+00,1,20.9,46
131,2025-10-27 14:07:45.786187+00,1,20.9,46
132,2025-10-27 14:09:23.378084+00,1,20.9,46
133,2025-10-27 14:09:33.23516+00,1,20.9,46
134,2025-10-27 14:09:42.876975+00,1,20.9,46
135,2025-10-27 14:09:52.243522+00,1,20.9,46
136,2025-10-27 14:10:01.998999+00,1,20.9,46
137,2025-10-27 14:10:11.469641+00,1,20.9,46
138,2025-10-27 14:13:02.06435+00,1,20.9,46
139,2025-10-27 14:13:13.008201+00,1,20.9,46
140,2025-10-27 14:13:22.469829+00,1,20.9,46
141,2025-10-27 14:13:32.095381+00,1,20.9,46
142,2025-10-27 14:13:52.751744+00,1,20.9,46
143,2025-10-27 14:14:02.305298+00,1,20.9,46
144,2025-10-27 14:14:11.720315+00,1,20.9,46
145,2025-10-27 14:14:20.914214+00,1,20.9,46
146,2025-10-27 14:14:30.111105+00,1,20.9,46
147,2025-10-27 14:14:39.311901+00,1,20.9,46
148,2025-10-27 14:14:48.742516+00,1,20.9,46
149,2025-10-27 14:14:58.064388+00,1,20.9,46
150,2025-10-27 14:15:07.835119+00,1,20.9,46
151,2025-10-27 14:15:17.222849+00,1,20.9,46
152,2025-10-27 14:15:26.728675+00,1,20.9,46
153,2025-10-27 22:38:31.126817+00,1,20.8,46
154,2025-10-27 22:38:57.892809+00,1,20.8,46
155,2025-10-27 22:41:17.753706+00,1,21.3,55
156,2025-10-27 22:56:27.301669+00,1,21.4,55
157,2025-10-27 23:11:35.833559+00,1,20.3,65
158,2025-10-27 23:26:44.263098+00,1,20.3,64
159,2025-10-27 23:41:52.858951+00,1,20.3,62
160,2025-10-27 23:57:01.340796+00,1,20.2,61
161,2025-10-28 00:12:10.063906+00,1,20.2,60
162,2025-10-28 00:27:18.706348+00,1,20.2,59
163,2025-10-28 00:42:27.373069+00,1,20.2,58
164,2025-10-28 00:57:36.171813+00,1,20.2,58
165,2025-10-28 01:12:44.672827+00,1,20.2,57
166,2025-10-28 01:27:53.050295+00,1,20.2,56
167,2025-10-28 01:43:01.593292+00,1,20.2,56
168,2025-10-28 01:58:10.398558+00,1,21.2,53
169,2025-10-28 02:13:18.879401+00,1,21.4,53
170,2025-10-28 02:28:27.246981+00,1,21.6,53
171,2025-10-28 02:43:35.574652+00,1,21.7,54
172,2025-10-28 02:58:43.831157+00,1,21.8,54
173,2025-10-28 03:13:52.160983+00,1,21.9,55
174,2025-10-28 03:29:00.316016+00,1,22,56
175,2025-10-28 03:44:08.666228+00,1,22.1,56
176,2025-10-28 03:59:17.017746+00,1,22.1,56
177,2025-10-28 04:14:25.29823+00,1,22.2,56
178,2025-10-28 04:29:33.678719+00,1,22.1,56
179,2025-10-28 04:44:41.942404+00,1,22.2,56
180,2025-10-28 04:59:50.185387+00,1,22.1,55
181,2025-10-28 05:14:58.647049+00,1,22.1,56
182,2025-10-28 05:30:07.167076+00,1,22.1,56
183,2025-10-28 05:45:15.682751+00,1,22,56
184,2025-10-28 06:00:24.119141+00,1,22,55
185,2025-10-28 06:15:32.43474+00,1,22.1,56
186,2025-10-28 06:30:40.84996+00,1,22.1,56
187,2025-10-28 06:45:49.165597+00,1,22.1,55
188,2025-10-28 07:00:57.551785+00,1,22.1,56
189,2025-10-28 07:16:06.051618+00,1,22.1,55
190,2025-10-28 07:31:14.26326+00,1,22,56
191,2025-10-28 07:46:22.423907+00,1,22,56
192,2025-10-28 08:01:30.608228+00,1,22,55
193,2025-10-28 08:16:38.772957+00,1,21.9,55
194,2025-10-28 08:31:47.476035+00,1,21.9,55
195,2025-10-28 08:46:55.920015+00,1,21.9,55
196,2025-10-28 09:02:04.040334+00,1,21.9,55
197,2025-10-28 09:17:12.545131+00,1,21.9,55
198,2025-10-28 09:32:20.966763+00,1,21.9,55
199,2025-10-28 09:47:29.146341+00,1,21.9,55
200,2025-10-28 10:02:37.586659+00,1,21.9,55
201,2025-10-28 10:17:45.777186+00,1,21.9,55
202,2025-10-28 10:32:54.036837+00,1,21.9,55
203,2025-10-28 10:48:02.229487+00,1,21.8,55
204,2025-10-28 11:03:10.471638+00,1,21.8,55
205,2025-10-28 11:18:18.626106+00,1,21.8,55
206,2025-10-28 11:33:26.806671+00,1,21.7,54
207,2025-10-28 11:48:35.033589+00,1,20.4,56
208,2025-10-28 12:03:43.489358+00,1,20.2,54
209,2025-10-28 12:18:51.898001+00,1,20,55
210,2025-10-28 12:34:00.054945+00,1,20.2,56
211,2025-10-28 12:49:08.225798+00,1,20,54
212,2025-10-28 13:04:16.759274+00,1,20,53
213,2025-10-28 13:19:24.971479+00,1,20,52
214,2025-10-28 13:34:33.180958+00,1,20,52
215,2025-10-28 13:49:41.387727+00,1,20.2,52
216,2025-10-28 14:04:49.576522+00,1,20.1,51
217,2025-10-28 14:19:57.916013+00,1,20,50
218,2025-10-28 14:35:06.197455+00,1,20.1,50
219,2025-10-28 14:50:14.245456+00,1,19.9,49
220,2025-10-28 15:05:22.508653+00,1,19.8,49
221,2025-10-28 15:20:30.690498+00,1,20.4,49
222,2025-10-28 15:35:38.868914+00,1,20.8,49
223,2025-10-28 15:50:46.886422+00,1,20.9,49
224,2025-10-28 16:05:55.02166+00,1,21,48
225,2025-10-28 16:21:03.321999+00,1,21.1,48
226,2025-10-28 16:36:11.416985+00,1,21.1,48
227,2025-10-28 16:51:19.510241+00,1,21.1,48
228,2025-10-28 17:06:27.763979+00,1,21.1,49
229,2025-10-28 17:21:36.153372+00,1,21.2,49
230,2025-10-28 17:36:44.516677+00,1,21.2,50
231,2025-10-28 17:51:52.799986+00,1,21.2,50
232,2025-10-28 18:07:01.261554+00,1,21.2,50
233,2025-10-28 18:22:09.363586+00,1,21.3,50
234,2025-10-28 18:37:18.79363+00,1,21.2,49
235,2025-10-28 18:52:26.841178+00,1,21.3,49
236,2025-10-28 19:07:34.975714+00,1,21.3,49
237,2025-10-28 19:22:43.355662+00,1,21.3,49
238,2025-10-28 19:37:51.571482+00,1,21.3,48
239,2025-10-28 19:52:59.693303+00,1,21.3,55
240,2025-10-28 20:08:08.164875+00,1,21.3,56
241,2025-10-28 20:23:16.377903+00,1,21.3,55
242,2025-10-28 20:38:24.59983+00,1,21.3,53
243,2025-10-28 20:53:33.043299+00,1,21.3,52
244,2025-10-28 21:08:41.352753+00,1,21.3,51
245,2025-10-28 21:23:49.653487+00,1,21.3,50
246,2025-10-28 21:38:57.92154+00,1,21.3,50
247,2025-10-28 21:54:06.113437+00,1,21.3,50
248,2025-10-28 22:09:14.308422+00,1,21.3,50
249,2025-10-28 22:24:22.405998+00,1,21.3,50
250,2025-10-28 22:39:30.480933+00,1,21.3,50
251,2025-10-28 22:54:38.680595+00,1,21.3,49
252,2025-10-28 23:09:46.905652+00,1,21.3,49
253,2025-10-28 23:24:55.076056+00,1,21.3,49
254,2025-10-28 23:40:03.301197+00,1,21.3,49
255,2025-10-28 23:55:11.444095+00,1,21.3,49
256,2025-10-29 00:10:19.914302+00,1,21.3,49
257,2025-10-29 00:25:28.155562+00,1,21.3,49
258,2025-10-29 00:40:36.487165+00,1,21.3,49
259,2025-10-29 00:55:44.719506+00,1,21.3,49
260,2025-10-29 01:10:53.23589+00,1,21.3,50
261,2025-10-29 01:26:01.421963+00,1,21.3,50
262,2025-10-29 01:41:09.827498+00,1,21.3,50
263,2025-10-29 01:56:18.08281+00,1,21.3,51
264,2025-10-29 02:11:26.324035+00,1,21.3,51
265,2025-10-29 02:26:34.57516+00,1,21.3,51
266,2025-10-29 02:41:42.919224+00,1,21.3,52
267,2025-10-29 02:56:51.06578+00,1,21.3,51
268,2025-10-29 03:11:59.449493+00,1,21.3,50
269,2025-10-29 03:27:07.87477+00,1,21.3,50
270,2025-10-29 03:42:16.267056+00,1,21.3,50
271,2025-10-29 03:57:24.463078+00,1,21.3,49
272,2025-10-29 04:12:32.675327+00,1,21.4,49
273,2025-10-29 04:27:40.904574+00,1,21.4,49
274,2025-10-29 04:42:49.288063+00,1,21.4,49
275,2025-10-29 04:57:57.82525+00,1,21.5,49
276,2025-10-29 05:13:06.44421+00,1,21.5,49
277,2025-10-29 05:28:14.729378+00,1,21.5,49
278,2025-10-29 05:43:22.90098+00,1,21.6,49
279,2025-10-29 05:58:31.061175+00,1,21.5,49
280,2025-10-29 06:13:39.169772+00,1,21.6,49
281,2025-10-29 06:28:47.535274+00,1,21.6,49
282,2025-10-29 06:43:56.340137+00,1,21.7,49
283,2025-10-29 06:59:04.694413+00,1,21.6,49
284,2025-10-29 07:14:13.023966+00,1,21.6,49
285,2025-10-29 07:29:21.369392+00,1,21.6,49
286,2025-10-29 07:44:29.639093+00,1,21.6,49
287,2025-10-29 07:59:37.996382+00,1,21.6,49
288,2025-10-29 08:14:46.537714+00,1,21.5,49
289,2025-10-29 08:29:54.631148+00,1,21.5,49
290,2025-10-29 08:45:02.874238+00,1,21.6,49
291,2025-10-29 09:00:11.171073+00,1,21.5,49
292,2025-10-29 09:15:19.367445+00,1,21.6,49
293,2025-10-29 09:30:27.570741+00,1,21.5,49
294,2025-10-29 09:45:35.61857+00,1,21.5,49
295,2025-10-29 10:00:43.818403+00,1,21.5,50
296,2025-10-29 10:15:52.115152+00,1,21.5,50
297,2025-10-29 10:31:00.63946+00,1,21.5,50
298,2025-10-29 10:46:08.951014+00,1,21.5,50
299,2025-10-29 11:01:17.312437+00,1,21.5,51
300,2025-10-29 11:16:25.998594+00,1,21.5,51
301,2025-10-29 11:31:34.438573+00,1,21.5,51
302,2025-10-29 11:46:42.845545+00,1,21.5,50
303,2025-10-29 12:01:51.3984+00,1,21.5,50
304,2025-10-29 12:16:59.776922+00,1,21.5,50
305,2025-10-29 12:32:08.27626+00,1,21.5,50
306,2025-10-29 12:47:17.14985+00,1,21.5,50
307,2025-10-29 13:02:25.683203+00,1,21.5,50
308,2025-10-29 13:17:34.254262+00,1,21.5,51
309,2025-10-29 13:32:42.700349+00,1,21.5,50
310,2025-10-29 13:47:51.101397+00,1,21.4,50
311,2025-10-29 14:02:59.619745+00,1,21.4,50
312,2025-10-29 14:18:08.196121+00,1,21.4,49
313,2025-10-29 14:33:16.881568+00,1,21.4,49
314,2025-10-29 14:48:25.601019+00,1,21.4,49
315,2025-10-29 15:03:34.182345+00,1,21.4,50
316,2025-10-29 15:18:42.70821+00,1,21.4,50
317,2025-10-29 15:33:51.374109+00,1,21.5,54
318,2025-10-29 15:48:59.726049+00,1,21.5,57
319,2025-10-29 16:04:08.304904+00,1,21.5,56
320,2025-10-29 16:19:17.103276+00,1,21.5,55
321,2025-10-29 16:34:25.594341+00,1,21.3,54
322,2025-10-29 16:49:34.078004+00,1,21.4,53
323,2025-10-29 17:04:42.682811+00,1,21.4,53
324,2025-10-29 17:19:51.116043+00,1,21.4,53
325,2025-10-29 17:34:59.419979+00,1,21.4,52
326,2025-10-29 17:50:07.83276+00,1,21.4,52
327,2025-10-29 18:05:16.339307+00,1,21.4,52
328,2025-10-29 18:20:24.633975+00,1,21.4,52
329,2025-10-29 18:35:33.005904+00,1,21.3,51
330,2025-10-29 18:50:41.3081+00,1,21.4,51
331,2025-10-29 19:05:49.869883+00,1,21.4,51
332,2025-10-29 19:20:58.145139+00,1,21.4,51
333,2025-10-29 19:36:06.876987+00,1,21.4,51
334,2025-10-29 19:51:15.51431+00,1,21.4,51
335,2025-10-29 20:06:24.0204+00,1,21.4,51
336,2025-10-29 20:21:32.524638+00,1,21.4,51
337,2025-10-29 20:36:40.849263+00,1,21.3,50
338,2025-10-29 20:51:49.218107+00,1,21.3,51
339,2025-10-29 21:06:57.744256+00,1,21.3,51
340,2025-10-29 21:22:06.249171+00,1,21.4,51
341,2025-10-29 21:37:14.543612+00,1,21.3,51
342,2025-10-29 21:52:22.840297+00,1,21.4,51
343,2025-10-29 22:07:31.027324+00,1,21.4,51
344,2025-10-29 22:22:39.271186+00,1,21.4,51
345,2025-10-29 22:37:47.572315+00,1,21.3,51
346,2025-10-29 22:52:55.818337+00,1,21.3,52
347,2025-10-29 23:08:04.367918+00,1,21.5,52
348,2025-10-29 23:23:12.754488+00,1,21.6,52
349,2025-10-29 23:38:21.145236+00,1,21.6,53
350,2025-10-29 23:53:29.606757+00,1,21.6,53
351,2025-10-30 00:08:38.044834+00,1,21.7,54
352,2025-10-30 00:23:46.522495+00,1,21.8,54
353,2025-10-30 00:38:55.083968+00,1,21.8,54
354,2025-10-30 00:54:03.586032+00,1,21.8,54
355,2025-10-30 01:09:12.229785+00,1,21.8,53
356,2025-10-30 01:24:20.746367+00,1,21.8,51
357,2025-10-30 01:39:29.267543+00,1,21.6,51
358,2025-10-30 01:54:37.83194+00,1,21.5,50
359,2025-10-30 02:09:47.491647+00,1,21.5,49
360,2025-10-30 02:24:56.830733+00,1,21.3,49
361,2025-10-30 02:40:05.42662+00,1,21.3,48
362,2025-10-30 02:55:14.218912+00,1,21.3,48
363,2025-10-30 03:10:23.252979+00,1,21.2,48
364,2025-10-30 03:25:31.877888+00,1,21.1,48
365,2025-10-30 03:40:41.030859+00,1,21.1,47
366,2025-10-30 03:55:51.535874+00,1,21.1,47
367,2025-10-30 04:11:00.154097+00,1,21.1,47
368,2025-10-30 04:26:08.86286+00,1,21.1,47
369,2025-10-30 04:41:17.491573+00,1,21.1,47
370,2025-10-30 04:56:26.662337+00,1,21.1,47
371,2025-10-30 05:27:00.803904+00,1,21.1,47
372,2025-10-30 05:42:09.240827+00,1,21.1,47
373,2025-10-30 05:57:17.919816+00,1,21.1,46
374,2025-10-30 06:27:51.477784+00,1,21.2,46
375,2025-10-30 06:42:59.942154+00,1,21.2,47
376,2025-10-30 06:58:13.71462+00,1,21,52
377,2025-10-30 07:13:25.233962+00,1,21,49
378,2025-10-30 07:28:34.443018+00,1,21,47
379,2025-10-30 07:43:43.517865+00,1,21,46
380,2025-10-30 07:58:52.128897+00,1,21,46
381,2025-10-30 08:14:00.888124+00,1,21,45
382,2025-10-30 08:29:09.474487+00,1,21.1,45
383,2025-10-30 08:44:18.532085+00,1,21,45
384,2025-10-30 08:59:27.616203+00,1,21.1,45
385,2025-10-30 09:14:36.685974+00,1,21.1,44
386,2025-10-30 09:29:45.274598+00,1,21.1,44
387,2025-10-30 09:44:53.772586+00,1,21.1,44
388,2025-10-30 10:00:02.415095+00,1,21,44
389,2025-10-30 10:15:13.321537+00,1,21.1,44
390,2025-10-30 10:45:46.234894+00,1,21.1,44
391,2025-10-30 11:00:54.893617+00,1,21,44
392,2025-10-30 11:16:03.480212+00,1,21.1,44
393,2025-10-30 11:31:11.812607+00,1,21,44
394,2025-10-30 11:46:20.771115+00,1,21.1,44
395,2025-10-30 12:01:31.794616+00,1,21.1,44
396,2025-10-30 12:16:40.336899+00,1,21,44
397,2025-10-30 12:31:51.001842+00,1,21.1,44
398,2025-10-30 12:46:59.830616+00,1,21,43
399,2025-10-30 13:02:12.784933+00,1,21,43
400,2025-11-03 07:38:03.512242+00,1,22.39,22.39
401,2025-11-03 17:11:09.600747+00,1,21.1,48
402,2025-11-03 17:26:18.670984+00,1,21.1,48
403,2025-11-03 17:41:27.703683+00,1,20.6,49
404,2025-11-03 17:56:36.385406+00,1,20.6,50
405,2025-11-03 18:11:45.277705+00,1,20.6,50
406,2025-11-03 18:26:54.171529+00,1,20.5,50
407,2025-11-03 18:42:02.992817+00,1,20.6,50
408,2025-11-03 18:57:11.733781+00,1,20.6,50
409,2025-11-03 19:12:20.152421+00,1,20.7,57
410,2025-11-03 19:27:28.597462+00,1,20.8,54
411,2025-11-03 19:42:36.810219+00,1,20.9,53
412,2025-11-03 19:57:46.301698+00,1,20.9,52
413,2025-11-03 20:12:54.946143+00,1,20.7,52
414,2025-11-03 20:28:03.495654+00,1,20.8,51
415,2025-11-03 20:43:12.111732+00,1,20.7,51
416,2025-11-03 20:58:20.401083+00,1,20.8,51
417,2025-11-03 21:13:28.756251+00,1,20.9,51
418,2025-11-03 21:28:37.320141+00,1,20.8,51
419,2025-11-03 21:43:45.89317+00,1,21,50
420,2025-11-03 21:58:54.452973+00,1,21.3,51
421,2025-11-03 22:14:11.319826+00,1,21.5,52
422,2025-11-03 22:29:20.260608+00,1,21.6,52
423,2025-11-03 22:44:28.637975+00,1,21.6,53
424,2025-11-03 22:59:37.196186+00,1,21.7,53
425,2025-11-03 23:14:47.043842+00,1,21.8,54
426,2025-11-03 23:29:59.124772+00,1,21.9,56
427,2025-11-03 23:45:13.209224+00,1,22,56
428,2025-11-04 00:00:22.218521+00,1,22.1,56
429,2025-11-04 00:15:30.859152+00,1,22.1,57
430,2025-11-04 00:30:41.872017+00,1,22.1,57
431,2025-11-04 00:45:50.232927+00,1,22,57
432,2025-11-04 01:01:01.060022+00,1,21.9,57
433,2025-11-04 01:16:11.964383+00,1,21.9,57
434,2025-11-04 01:31:22.592838+00,1,21.9,57
435,2025-11-04 01:46:31.007722+00,1,21.9,58
436,2025-11-04 02:22:05.389416+00,1,21.9,58
437,2025-11-04 02:37:14.125189+00,1,21.9,58
438,2025-11-04 02:52:23.187262+00,1,21.9,58
439,2025-11-04 03:07:31.815644+00,1,21.9,58
440,2025-11-04 03:22:41.22908+00,1,21.9,58
441,2025-11-04 03:37:49.673249+00,1,21.8,58
442,2025-11-04 03:52:58.394282+00,1,21.8,58
443,2025-11-04 04:08:06.866281+00,1,21.9,58
444,2025-11-04 04:23:15.38425+00,1,21.9,58
445,2025-11-04 04:38:23.889614+00,1,22.1,58
446,2025-11-04 04:53:32.388256+00,1,22.2,58
447,2025-11-04 05:08:41.01556+00,1,22.3,59
448,2025-11-04 05:23:49.532286+00,1,22.3,59
449,2025-11-04 05:38:59.844545+00,1,22.4,59
450,2025-11-04 05:54:08.306786+00,1,22.4,59
451,2025-11-04 06:17:09.795456+00,1,22.3,55
452,2025-11-04 06:32:53.809332+00,1,22.3,52
453,2025-11-04 06:48:04.344044+00,1,22.3,52
454,2025-11-07 00:14:00.428096+00,1,21.6,46
455,2025-11-07 00:29:09.02613+00,1,21.6,46
456,2025-11-07 00:44:17.855675+00,1,22.1,47
457,2025-11-07 00:59:26.52087+00,1,22.8,47
458,2025-11-07 01:14:35.276099+00,1,23.3,47
459,2025-11-07 01:29:43.959673+00,1,23.6,47
460,2025-11-07 01:44:52.94531+00,1,23.9,47
461,2025-11-07 02:00:01.724643+00,1,24.2,47
462,2025-11-07 02:15:10.413735+00,1,24.4,47
463,2025-11-07 02:30:19.351391+00,1,24,48
464,2025-11-07 02:45:27.929099+00,1,24.6,48
465,2025-11-07 03:00:36.62745+00,1,24.1,48
466,2025-11-07 03:15:45.226733+00,1,24.7,48
467,2025-11-07 03:30:53.641624+00,1,24.2,49
468,2025-11-07 03:46:02.021661+00,1,24.7,48
469,2025-11-07 04:01:10.859534+00,1,24.5,49
470,2025-11-07 04:16:19.209252+00,1,24.5,49
471,2025-11-07 04:31:27.423987+00,1,24.6,49
472,2025-11-07 04:46:35.925824+00,1,24.3,49
473,2025-11-07 05:01:44.248257+00,1,24.9,48
474,2025-11-07 05:16:52.279584+00,1,24.5,49
475,2025-11-07 05:32:00.772418+00,1,24.4,49
476,2025-11-07 05:47:09.238378+00,1,24,50
477,2025-11-07 06:02:17.620294+00,1,23.8,51
478,2025-11-07 06:17:26.120486+00,1,23.7,51
479,2025-11-07 06:32:34.598447+00,1,23.6,51
480,2025-11-07 06:47:42.840253+00,1,23.5,52
481,2025-11-07 07:02:51.182556+00,1,23.4,52
482,2025-11-07 07:17:59.679418+00,1,23.4,52
483,2025-11-07 07:33:08.009855+00,1,23.4,52
484,2025-11-07 07:48:16.371159+00,1,23.3,52
485,2025-11-07 08:03:24.837753+00,1,23.2,53
486,2025-11-07 08:18:32.911605+00,1,23.1,53
487,2025-11-07 08:33:41.382534+00,1,23,53
488,2025-11-07 08:48:49.550884+00,1,23,53
489,2025-11-07 09:03:57.827637+00,1,22.9,53
490,2025-11-07 09:19:06.15427+00,1,22.9,53
491,2025-11-07 09:34:14.680556+00,1,22.9,54
492,2025-11-07 09:49:22.935817+00,1,22.8,54
493,2025-11-07 10:04:31.400375+00,1,22.9,54
494,2025-11-07 10:19:39.924835+00,1,22.8,54
495,2025-11-07 10:34:48.180229+00,1,22.8,55
496,2025-11-07 10:49:56.422625+00,1,22.4,48
497,2025-11-07 11:05:04.70954+00,1,22.4,47
498,2025-11-07 11:20:12.910304+00,1,22.5,49
499,2025-11-07 11:35:20.999135+00,1,22.4,49
500,2025-11-07 11:50:29.351562+00,1,22.3,49
501,2025-11-07 12:05:37.570361+00,1,22.4,49
502,2025-11-07 12:20:45.800889+00,1,22.3,48
503,2025-11-07 12:35:54.087189+00,1,22.3,48
504,2025-11-07 12:51:02.402606+00,1,22.2,48
505,2025-11-07 13:06:11.090284+00,1,22.2,48
506,2025-11-07 13:21:19.408074+00,1,22.2,48
507,2025-11-07 13:36:27.792762+00,1,22.1,48
508,2025-11-07 13:51:36.197361+00,1,22.1,48
509,2025-11-07 14:06:44.678141+00,1,22,47
510,2025-11-07 14:21:52.923561+00,1,22.1,48
511,2025-11-07 14:37:03.432052+00,1,22.1,48
512,2025-11-07 14:52:11.927408+00,1,22.1,48
513,2025-11-07 15:07:20.114333+00,1,22,48
514,2025-11-07 15:22:28.53653+00,1,22,48
515,2025-11-07 15:37:36.791831+00,1,22,48
516,2025-11-07 15:52:45.105892+00,1,21.9,48
517,2025-11-07 16:07:53.784207+00,1,21.9,48
518,2025-11-07 16:23:02.195942+00,1,21.9,48
519,2025-11-07 16:38:10.495706+00,1,21.8,48
520,2025-11-07 16:53:18.994427+00,1,21.7,48
521,2025-11-07 17:08:27.559621+00,1,21.7,48
522,2025-11-07 17:23:35.923599+00,1,21.6,48
523,2025-11-07 17:38:44.344023+00,1,21.4,47
524,2025-11-07 17:53:52.54835+00,1,21.2,48
525,2025-11-07 18:09:00.710508+00,1,21.1,48
526,2025-11-07 18:24:08.975769+00,1,20.9,49
527,2025-11-07 18:39:17.236537+00,1,20.8,49
528,2025-11-07 18:54:25.416734+00,1,20.9,49
529,2025-11-07 19:09:33.888774+00,1,21,48
530,2025-11-07 19:24:42.248509+00,1,21,47
531,2025-11-07 19:39:50.561656+00,1,20.9,48
532,2025-11-07 19:54:58.903335+00,1,20.9,48
533,2025-11-07 20:10:07.542514+00,1,20.9,48
534,2025-11-07 20:25:15.90937+00,1,20.8,47
535,2025-11-07 20:40:24.115798+00,1,20.7,47
536,2025-11-07 20:55:32.608677+00,1,20.7,47
537,2025-11-07 21:10:40.803473+00,1,20.7,47
538,2025-11-07 21:25:48.998299+00,1,20.6,46
539,2025-11-07 21:40:57.437422+00,1,20.5,46
540,2025-11-07 21:56:05.699881+00,1,20.6,46
541,2025-11-07 22:11:13.867431+00,1,20.6,47
542,2025-11-07 22:26:22.181896+00,1,20.6,47
543,2025-11-07 22:41:30.269408+00,1,20.6,47
544,2025-11-07 22:56:38.423188+00,1,20.5,46
545,2025-11-07 23:11:46.499439+00,1,20.5,46
546,2025-11-07 23:26:54.536276+00,1,20.5,46
547,2025-11-07 23:42:02.664004+00,1,20.7,47
548,2025-11-07 23:57:10.836072+00,1,20.8,47
549,2025-11-08 00:12:19.135845+00,1,20.8,46
550,2025-11-08 04:01:14.328216+00,1,24.3,49
551,2025-11-08 04:16:23.100905+00,1,24.3,49
552,2025-11-08 04:31:31.743951+00,1,24.2,48
553,2025-11-08 04:46:40.106177+00,1,23.9,49
554,2025-11-08 05:01:48.472076+00,1,23.8,49
555,2025-11-08 05:16:56.896383+00,1,23.6,49
556,2025-11-08 05:32:05.392938+00,1,23.5,49
557,2025-11-08 05:47:13.882171+00,1,23.3,49
558,2025-11-08 06:02:22.367656+00,1,23.3,49
559,2025-11-08 06:17:30.6781+00,1,23.2,49
560,2025-11-08 10:31:25.444961+00,1,21.5,45
561,2025-11-08 10:46:34.197358+00,1,21.5,45
562,2025-11-08 11:01:42.821417+00,1,21.5,45
563,2025-11-08 11:16:51.113484+00,1,21.5,46
564,2025-11-08 11:31:59.466314+00,1,21.4,46
565,2025-11-08 11:47:07.824646+00,1,21.3,46
566,2025-11-08 12:02:16.321092+00,1,21.5,46
567,2025-11-08 12:17:24.894953+00,1,21.6,47
568,2025-11-08 12:32:33.508258+00,1,21.7,51
569,2025-11-08 12:47:41.792561+00,1,21.7,50
570,2025-11-08 13:02:50.119195+00,1,21.6,49
571,2025-11-08 13:17:58.679513+00,1,21.6,49
572,2025-11-08 13:33:07.308192+00,1,21.6,49
573,2025-11-08 13:48:15.991108+00,1,21.6,49
574,2025-11-08 14:03:24.199036+00,1,21.6,49
575,2025-11-08 14:18:32.381518+00,1,21.6,49
576,2025-11-08 14:33:40.83668+00,1,21.6,49
577,2025-11-08 14:48:49.370727+00,1,21.6,49
578,2025-11-08 15:03:57.739055+00,1,21.6,49
579,2025-11-08 15:19:06.285321+00,1,21.6,49
580,2025-11-08 15:34:14.881352+00,1,21.6,49
581,2025-11-08 15:49:23.318273+00,1,21.6,49
582,2025-11-08 16:04:31.720158+00,1,21.6,49
583,2025-11-08 16:19:39.86043+00,1,21.6,50
584,2025-11-08 16:34:48.055152+00,1,21.5,51
585,2025-11-08 16:49:56.148038+00,1,21.6,51
586,2025-11-08 17:05:04.269839+00,1,21.6,52
587,2025-11-08 17:20:12.947659+00,1,21.6,55
588,2025-11-08 17:35:21.037365+00,1,21.5,55
589,2025-11-08 17:50:29.29915+00,1,21.5,57
590,2025-11-08 18:05:37.58573+00,1,21.5,57
591,2025-11-08 18:20:45.85587+00,1,21.3,55
592,2025-11-08 18:35:54.080039+00,1,21.4,54
593,2025-11-08 18:51:02.289356+00,1,21.4,54
594,2025-11-08 19:06:10.829418+00,1,21.3,53
595,2025-11-08 19:21:19.285494+00,1,21.3,53
596,2025-11-08 19:36:27.693372+00,1,21.3,53
597,2025-11-08 19:51:36.095151+00,1,21.1,53
598,2025-11-08 20:06:44.509791+00,1,21.2,53
599,2025-11-08 20:21:52.601371+00,1,21.1,52
600,2025-11-08 20:37:01.061031+00,1,21.1,52
601,2025-11-08 20:52:09.538079+00,1,21.1,52
602,2025-11-08 21:07:17.871183+00,1,21.1,52
603,2025-11-08 21:22:26.123539+00,1,21.1,52
604,2025-11-08 21:37:34.417207+00,1,21,52
605,2025-11-08 21:52:42.868685+00,1,20.9,53
606,2025-11-08 22:07:51.00489+00,1,20.8,53
607,2025-11-08 22:22:59.072363+00,1,20.9,52
608,2025-11-08 22:38:07.215494+00,1,20.9,52
609,2025-11-08 22:53:15.365384+00,1,20.9,52
610,2025-11-08 23:08:23.58467+00,1,20.9,52
611,2025-11-08 23:23:32.005738+00,1,21,51
612,2025-11-08 23:38:40.27934+00,1,20.9,51
613,2025-11-08 23:53:48.361632+00,1,21,51
614,2025-11-09 00:08:56.611104+00,1,21.1,51
615,2025-11-09 00:24:04.842874+00,1,21.1,51
616,2025-11-09 00:39:13.050976+00,1,21.1,51
617,2025-11-09 00:54:21.188397+00,1,21.1,51
618,2025-11-09 01:09:29.3647+00,1,21,51
619,2025-11-09 01:24:37.552542+00,1,20.8,52
620,2025-11-09 01:39:45.683123+00,1,20.7,52
621,2025-11-09 01:54:53.771806+00,1,20.6,53
622,2025-11-09 02:10:01.940765+00,1,20.7,53
623,2025-11-09 02:26:40.42796+00,1,20.8,53
624,2025-11-09 02:41:48.693353+00,1,20.8,53
625,2025-11-09 02:56:57.118071+00,1,20.8,52
626,2025-11-09 03:12:05.45123+00,1,20.8,52
627,2025-11-09 03:27:13.612692+00,1,20.8,52
628,2025-11-09 03:42:21.735181+00,1,20.6,52
629,2025-11-09 03:57:30.063317+00,1,20.6,52
630,2025-11-09 04:12:38.326019+00,1,21.1,52
631,2025-11-09 04:43:09.520548+00,1,22.8,49
632,2025-11-09 04:58:19.263044+00,1,23,50
633,2025-11-09 05:13:27.732859+00,1,23.1,50
634,2025-11-09 05:28:36.260657+00,1,23.3,49
635,2025-11-09 05:43:47.083755+00,1,23.7,49
636,2025-11-09 05:58:56.058656+00,1,24,50
637,2025-11-09 06:14:04.157027+00,1,24,50
638,2025-11-09 06:29:12.385052+00,1,24,50
639,2025-11-09 06:44:20.386781+00,1,24.2,49
640,2025-11-09 06:59:29.366603+00,1,24.5,50
641,2025-11-09 07:14:37.343881+00,1,24.1,50
642,2025-11-09 07:29:45.492651+00,1,24,51
643,2025-11-09 07:45:01.972288+00,1,23.8,51
644,2025-11-09 08:00:04.511212+00,1,23.7,52
645,2025-11-09 08:15:12.522379+00,1,23.7,52
646,2025-11-09 08:30:20.619269+00,1,23.6,52
647,2025-11-09 08:45:28.675863+00,1,23.4,51
648,2025-11-09 09:00:38.692493+00,1,23.4,52
649,2025-11-09 09:15:47.590782+00,1,23.4,52
650,2025-11-09 09:30:58.620695+00,1,23.2,52
651,2025-11-09 09:46:12.779143+00,1,23.1,52
652,2025-11-09 10:01:20.902618+00,1,23.1,55
653,2025-11-09 10:16:28.983656+00,1,22.2,55
654,2025-11-09 10:31:39.045761+00,1,20.9,54
655,2025-11-09 10:46:48.956245+00,1,20.4,55
656,2025-11-09 11:01:56.774555+00,1,20.1,56
657,2025-11-09 11:17:11.74221+00,1,20,57
658,2025-11-09 11:32:21.617609+00,1,19.9,56
659,2025-11-09 11:47:29.916616+00,1,19.7,56
660,2025-11-09 12:02:38.238179+00,1,20.5,54
661,2025-11-09 12:17:46.53861+00,1,20.7,54
662,2025-11-09 12:32:55.664184+00,1,20.6,53
663,2025-11-09 12:48:03.785044+00,1,20.7,53
664,2025-11-09 13:03:13.618855+00,1,20.7,53
665,2025-11-09 13:18:22.084717+00,1,20.8,53
666,2025-11-09 13:33:31.056877+00,1,20.9,54
667,2025-11-09 13:48:41.393175+00,1,20.9,53
668,2025-11-09 14:03:49.691449+00,1,20.9,54
669,2025-11-09 14:19:01.308619+00,1,20.9,53
670,2025-11-09 14:34:13.09018+00,1,21,53
671,2025-11-09 14:49:21.271044+00,1,21,52
672,2025-11-09 15:04:29.744683+00,1,21,54
673,2025-11-12 22:51:53.666827+00,1,20.9,49
674,2025-11-12 23:07:02.138483+00,1,21,48
675,2025-11-12 23:22:11.098045+00,1,21.6,48
676,2025-11-12 23:37:19.90133+00,1,22.3,49
677,2025-11-12 23:52:28.103719+00,1,22.7,49
678,2025-11-13 00:07:36.325695+00,1,23.2,49
679,2025-11-13 00:13:16.684256+00,1,23.6,49
680,2025-11-13 00:28:24.679175+00,1,23.7,49
681,2025-11-13 00:43:32.6011+00,1,22.6,51
682,2025-11-13 00:58:40.876338+00,1,22.8,51
683,2025-11-13 01:13:48.875875+00,1,22.7,53
684,2025-11-13 01:28:56.893182+00,1,22.9,54
685,2025-11-13 01:44:04.811858+00,1,22.8,55
686,2025-11-13 01:59:12.963303+00,1,23,55
687,2025-11-13 02:14:21.278792+00,1,22.8,56
688,2025-11-13 02:29:29.33116+00,1,22.7,55
689,2025-11-13 02:44:37.46938+00,1,22.6,56
690,2025-11-13 02:59:45.412775+00,1,22.6,56
691,2025-11-13 03:14:53.356509+00,1,22.6,56
692,2025-11-13 03:30:01.602477+00,1,22.6,56
693,2025-11-13 03:45:09.707382+00,1,22.6,56
694,2025-11-13 04:00:17.511121+00,1,22.6,56
695,2025-11-13 04:15:25.552435+00,1,22.6,56
696,2025-11-13 04:30:33.892063+00,1,22.6,56
697,2025-11-13 04:45:41.84636+00,1,22.6,56
698,2025-11-13 05:00:49.920504+00,1,22.6,56
699,2025-11-13 05:15:57.794872+00,1,22.6,57
700,2025-11-13 05:31:05.876524+00,1,22.6,57
701,2025-11-13 05:46:13.790623+00,1,22.6,56
702,2025-11-13 06:01:21.818733+00,1,22.7,56
703,2025-11-13 06:16:29.665512+00,1,22.7,56
704,2025-11-13 06:31:37.588637+00,1,22.8,56
705,2025-11-13 06:46:45.728264+00,1,22.8,52
706,2025-11-13 07:01:53.696178+00,1,22.7,49
707,2025-11-13 07:17:01.86565+00,1,22.6,48
708,2025-11-13 07:32:09.856737+00,1,22.6,47
709,2025-11-13 07:47:17.924754+00,1,22.6,47
710,2025-11-13 08:02:26.080305+00,1,22.5,47
711,2025-11-13 08:17:34.090902+00,1,22.5,47
712,2025-11-13 08:32:42.081036+00,1,22.5,47
713,2025-11-13 08:47:50.030558+00,1,22.5,47
714,2025-11-13 09:02:58.354496+00,1,22.4,47
715,2025-11-13 09:18:06.176367+00,1,22.4,47
716,2025-11-13 09:33:14.187485+00,1,22.4,47
717,2025-11-13 09:48:22.240485+00,1,22.4,47
718,2025-11-13 10:03:30.446368+00,1,22.3,47
719,2025-11-13 10:18:38.369265+00,1,22.4,47
720,2025-11-13 10:33:46.399817+00,1,22.3,47
721,2025-11-13 10:48:54.409591+00,1,22.3,47
722,2025-11-13 11:04:02.470204+00,1,22.3,47
723,2025-11-13 11:19:10.523331+00,1,22.4,47
724,2025-11-13 11:34:18.452753+00,1,22.3,48
725,2025-11-13 11:49:26.622568+00,1,22.3,48
726,2025-11-13 12:04:34.669953+00,1,22.3,48
727,2025-11-13 12:19:43.060398+00,1,22.3,48
728,2025-11-13 12:34:51.136491+00,1,22.3,48
729,2025-11-13 12:49:59.199803+00,1,22.3,49
730,2025-11-13 13:05:07.31999+00,1,22.2,49
731,2025-11-13 13:20:15.673476+00,1,22.3,49
732,2025-11-13 13:35:23.701619+00,1,22.3,49
733,2025-11-13 13:50:31.847207+00,1,22.2,49
734,2025-11-13 14:05:40.176531+00,1,22.2,49
735,2025-11-13 14:20:48.355698+00,1,22.2,49
736,2025-11-13 14:35:56.206406+00,1,22.2,49
737,2025-11-13 14:51:04.185016+00,1,22.2,49
738,2025-11-13 15:06:12.441757+00,1,22.2,49
739,2025-11-13 15:21:20.520218+00,1,22.2,49
740,2025-11-13 15:36:28.582982+00,1,22.2,49
741,2025-11-13 15:51:36.639546+00,1,22.2,50
742,2025-11-13 16:06:44.648103+00,1,22.2,50
743,2025-11-13 16:21:52.678536+00,1,22.3,50
744,2025-11-13 16:37:00.586054+00,1,22.3,50
745,2025-11-13 16:52:08.711443+00,1,22.3,50
746,2025-11-13 17:07:16.837792+00,1,22.2,50
747,2025-11-13 17:22:25.146782+00,1,22.1,50
748,2025-11-13 17:37:33.33975+00,1,22.2,50
749,2025-11-13 17:52:41.908662+00,1,22.1,50
750,2025-11-13 18:07:50.111182+00,1,22.1,50
751,2025-11-13 18:22:58.309708+00,1,22.1,50
752,2025-11-13 18:38:06.679243+00,1,22.1,49
753,2025-11-13 18:53:14.729574+00,1,22.1,49
754,2025-11-13 19:08:22.923665+00,1,22.2,49
755,2025-11-13 19:23:32.448002+00,1,22.2,49
756,2025-11-13 19:38:40.679408+00,1,22.2,49
757,2025-11-13 19:53:48.957645+00,1,22.2,49
758,2025-11-13 20:08:57.075299+00,1,22.2,49
759,2025-11-13 20:24:06.376041+00,1,22.2,49
760,2025-11-13 20:39:14.499447+00,1,22.2,49
761,2025-11-13 20:54:22.71567+00,1,22.2,49
762,2025-11-13 21:09:30.979793+00,1,22.1,49
763,2025-11-13 21:24:39.150362+00,1,22.1,49
764,2025-11-13 21:39:47.357327+00,1,22.1,49
765,2025-11-13 21:54:55.604244+00,1,22.1,49
766,2025-11-13 22:10:03.622095+00,1,22,49
767,2025-11-13 22:25:11.717435+00,1,22,49
768,2025-11-13 22:40:19.81163+00,1,21.9,49
769,2025-11-13 22:55:27.862718+00,1,21.9,49
770,2025-11-13 23:10:35.871193+00,1,22,49
771,2025-11-13 23:25:44.052384+00,1,22,49
772,2025-11-13 23:40:52.255343+00,1,21.9,49
773,2025-11-13 23:56:00.290116+00,1,21.9,49
774,2025-11-14 00:11:08.300336+00,1,21.8,49
775,2025-11-14 00:26:16.164071+00,1,21.8,49
776,2025-11-14 00:41:24.386892+00,1,21.8,49
777,2025-11-14 00:56:32.575016+00,1,21.7,49
778,2025-11-14 01:11:40.719578+00,1,21.7,49
779,2025-11-14 01:26:49.029322+00,1,21.7,49
780,2025-11-14 01:41:57.18992+00,1,21.7,49
781,2025-11-14 01:57:05.228734+00,1,21.8,49
782,2025-11-14 02:12:13.915936+00,1,22.5,49
783,2025-11-14 02:27:21.831767+00,1,22.5,49
784,2025-11-14 02:42:29.874939+00,1,22.5,49
785,2025-11-14 02:57:37.922809+00,1,22.6,51
786,2025-11-14 03:12:46.134764+00,1,22.8,52
787,2025-11-14 03:27:54.023139+00,1,22.9,52
788,2025-11-14 03:43:02.005757+00,1,22.8,53
789,2025-11-14 03:58:10.126285+00,1,22.9,53
790,2025-11-14 04:13:18.303294+00,1,22.9,53
791,2025-11-14 04:28:26.345988+00,1,23.1,53
792,2025-11-14 04:43:34.345609+00,1,23,54
793,2025-11-14 04:58:42.490723+00,1,23,54
794,2025-11-14 05:13:50.685832+00,1,22.9,54
795,2025-11-14 05:28:58.771354+00,1,22.9,54
796,2025-11-14 05:44:06.95969+00,1,22.9,54
797,2025-11-14 05:59:15.556766+00,1,22.9,54
798,2025-11-14 06:14:23.873681+00,1,22.9,54
799,2025-11-14 06:29:32.004772+00,1,22.9,54
800,2025-11-14 06:44:40.177758+00,1,22.8,54
801,2025-11-14 06:59:48.62591+00,1,22.8,54
802,2025-11-14 07:14:56.986298+00,1,22.8,54
803,2025-11-14 07:30:05.375418+00,1,22.8,54
804,2025-11-14 07:45:13.560005+00,1,22.8,54
805,2025-11-14 08:00:21.72651+00,1,22.8,54
806,2025-11-14 08:15:29.987676+00,1,22.8,54
807,2025-11-14 08:30:38.174365+00,1,22.8,54
808,2025-11-14 08:45:46.184012+00,1,22.8,54
809,2025-11-14 09:00:54.219551+00,1,22.8,55
810,2025-11-14 09:16:02.342589+00,1,22.8,55
811,2025-11-14 09:31:10.24352+00,1,22.8,55
812,2025-11-14 09:46:18.158169+00,1,21.7,49
813,2025-11-14 10:01:26.08871+00,1,21.4,49
814,2025-11-14 10:16:33.961416+00,1,21.5,49
815,2025-11-14 10:31:41.986944+00,1,21.4,49
816,2025-11-14 10:46:50.151695+00,1,21.5,49
817,2025-11-14 11:01:58.255888+00,1,21.3,49
818,2025-11-14 11:17:06.243666+00,1,21.2,49
819,2025-11-14 11:32:14.036081+00,1,21.4,49
820,2025-11-14 11:47:22.152657+00,1,21.3,51
821,2025-11-14 12:02:30.149753+00,1,21.3,52
822,2025-11-14 12:17:38.494805+00,1,21.3,54
823,2025-11-14 12:32:46.482225+00,1,21.5,53
824,2025-11-14 12:47:54.801507+00,1,21.3,53
825,2025-11-14 13:03:02.859632+00,1,21.1,55
826,2025-11-14 13:18:10.777509+00,1,21.3,54
827,2025-11-14 13:33:18.789602+00,1,21.2,54
828,2025-11-14 13:48:26.777122+00,1,21.2,54
829,2025-11-14 14:03:34.933322+00,1,21.2,54
830,2025-11-14 14:18:43.105839+00,1,21.2,53
831,2025-11-14 14:33:51.091128+00,1,21.2,53
832,2025-11-14 14:48:59.20564+00,1,21.2,53
833,2025-11-14 15:04:07.157791+00,1,21.2,54
834,2025-11-14 15:19:15.364713+00,1,21,54
835,2025-11-14 15:34:23.536448+00,1,21.1,54
836,2025-11-14 15:49:31.6678+00,1,21,52
837,2025-11-14 16:04:39.721325+00,1,20.8,55
838,2025-11-14 16:19:47.90688+00,1,21,54
839,2025-11-14 16:34:56.333496+00,1,20.7,54
840,2025-11-14 16:50:04.566547+00,1,20.5,55
841,2025-11-14 17:05:12.702321+00,1,20.4,55
842,2025-11-14 17:20:20.807357+00,1,20.2,55
843,2025-11-14 17:35:28.968952+00,1,20.5,56
844,2025-11-14 17:50:37.147644+00,1,20.5,55
845,2025-11-14 18:05:45.227997+00,1,20.2,55
846,2025-11-14 18:20:53.458203+00,1,20.5,54
847,2025-11-14 18:36:01.657586+00,1,20.3,54
848,2025-11-14 18:51:10.192682+00,1,20.4,54
849,2025-11-14 19:06:18.365307+00,1,20.5,54
850,2025-11-14 19:21:26.393095+00,1,20.5,53
851,2025-11-14 19:36:34.467598+00,1,20.5,53
852,2025-11-14 19:51:42.43755+00,1,20.4,53
853,2025-11-14 20:06:50.411494+00,1,20.4,53
854,2025-11-14 20:21:58.431818+00,1,20.4,55
855,2025-11-14 20:37:06.480326+00,1,20.4,56
856,2025-11-14 20:52:14.697839+00,1,20.3,55
857,2025-11-14 21:07:22.801974+00,1,20.3,54
858,2025-11-14 21:22:30.982592+00,1,20.4,55
859,2025-11-14 21:37:39.183325+00,1,20,54
860,2025-11-14 21:52:47.215114+00,1,20.2,54
861,2025-11-14 22:07:55.17886+00,1,20.2,54
862,2025-11-14 22:23:03.345923+00,1,20.2,53
863,2025-11-14 22:38:11.385+00,1,20.4,53
864,2025-11-14 22:53:19.340242+00,1,20.3,54
865,2025-11-14 23:08:27.516943+00,1,21.4,52
866,2025-11-14 23:23:35.539708+00,1,21.8,52
867,2025-11-14 23:38:43.697287+00,1,22,52
868,2025-11-14 23:53:52.146302+00,1,22.1,54
869,2025-11-15 00:09:00.337636+00,1,22.1,55
870,2025-11-15 00:24:08.256746+00,1,22.1,55
871,2025-11-15 00:39:16.305264+00,1,22.2,56
872,2025-11-15 00:54:24.586298+00,1,22.4,56
873,2025-11-15 01:09:32.860236+00,1,22.5,57
874,2025-11-15 01:24:41.123254+00,1,22.5,57
875,2025-11-15 01:39:49.211461+00,1,22.4,57
876,2025-11-15 01:54:57.275199+00,1,22.5,57
877,2025-11-15 02:10:05.262539+00,1,22.4,57
878,2025-11-15 02:25:13.662761+00,1,22.4,57
879,2025-11-15 02:40:21.866032+00,1,22.4,57
880,2025-11-15 02:55:29.788971+00,1,22.4,56
881,2025-11-15 03:10:37.969233+00,1,22.4,56
882,2025-11-15 03:25:46.034656+00,1,22.4,56
883,2025-11-15 03:40:54.1208+00,1,22.4,57
884,2025-11-15 03:56:02.116308+00,1,22.4,57
885,2025-11-15 04:11:10.208158+00,1,22.4,57
886,2025-11-15 04:26:18.338175+00,1,22.4,57
887,2025-11-15 04:41:26.543637+00,1,22.4,57
888,2025-11-15 04:56:34.770789+00,1,22.4,57
889,2025-11-15 05:11:43.061035+00,1,22.4,57
890,2025-11-15 05:26:51.196699+00,1,22.4,57
891,2025-11-15 05:41:59.104135+00,1,22.4,57
892,2025-11-15 05:57:07.109911+00,1,22.4,57
893,2025-11-15 06:12:15.029545+00,1,22.5,56
894,2025-11-15 06:27:23.266654+00,1,22.5,56
895,2025-11-15 06:42:31.450348+00,1,22.5,56
896,2025-11-15 06:57:39.488844+00,1,22.5,56
897,2025-11-15 07:12:47.627914+00,1,22.5,57
898,2025-11-15 07:27:55.585079+00,1,22.6,56
899,2025-11-15 07:43:03.799364+00,1,22.6,56
900,2025-11-15 07:58:11.890567+00,1,22.6,57
901,2025-11-15 08:13:19.985272+00,1,22.6,57
902,2025-11-15 08:28:28.112956+00,1,22.6,56
903,2025-11-15 08:43:36.02351+00,1,21.5,54
904,2025-11-15 08:58:43.970178+00,1,20.2,55
905,2025-11-15 09:13:52.047361+00,1,20.5,55
906,2025-11-15 09:29:00.086489+00,1,21,53
907,2025-11-15 09:44:08.147675+00,1,20.7,55
908,2025-11-15 09:59:16.453122+00,1,20.6,55
909,2025-11-15 10:14:24.540878+00,1,21,54
910,2025-11-15 10:29:32.538274+00,1,20.9,55
911,2025-11-15 10:44:40.472346+00,1,20.9,55
912,2025-11-15 10:59:48.33689+00,1,20.9,55
913,2025-11-15 11:14:56.165676+00,1,20.6,55
914,2025-11-15 11:30:04.208825+00,1,20.5,55
915,2025-11-15 11:45:12.081923+00,1,20.5,55
916,2025-11-15 12:00:19.965647+00,1,20.6,55
917,2025-11-15 12:15:28.191199+00,1,20.6,55
918,2025-11-15 12:30:36.096544+00,1,20.5,55
919,2025-11-15 12:45:44.233701+00,1,20.4,55
920,2025-11-15 13:00:52.265649+00,1,20.8,55
921,2025-11-15 13:16:00.379971+00,1,21,53
922,2025-11-15 13:31:08.742876+00,1,20.5,55
923,2025-11-15 13:46:16.881065+00,1,20.3,55
924,2025-11-15 14:01:25.000753+00,1,20.2,56
925,2025-11-15 14:16:33.191487+00,1,20,56
926,2025-11-15 14:31:41.20804+00,1,19.6,57
927,2025-11-15 14:46:49.328347+00,1,19.4,58
928,2025-11-15 15:01:57.57124+00,1,19.8,57
929,2025-11-15 15:17:05.840612+00,1,19.7,57
930,2025-11-15 15:32:13.993077+00,1,19.8,56
931,2025-11-15 15:47:22.075436+00,1,19.6,56
932,2025-11-15 16:02:30.204779+00,1,19.7,55
933,2025-11-15 16:17:38.030279+00,1,20.1,54
934,2025-11-15 16:32:50.034907+00,1,20,54
935,2025-11-15 16:47:57.952178+00,1,19.7,55
936,2025-11-15 17:03:06.048568+00,1,19,57
937,2025-11-15 17:18:14.028255+00,1,19.3,56
938,2025-11-15 17:33:21.891004+00,1,19.6,55
939,2025-11-15 17:48:29.71134+00,1,19.5,55
940,2025-11-15 18:03:37.611785+00,1,19.1,56
941,2025-11-15 18:18:45.759335+00,1,19.3,56
942,2025-11-15 18:33:53.803922+00,1,19.5,56
943,2025-11-15 18:49:01.813032+00,1,19.8,55
944,2025-11-15 19:04:10.101945+00,1,19.4,55
945,2025-11-15 19:19:18.210854+00,1,18.9,56
946,2025-11-15 19:34:26.317892+00,1,19.8,56
947,2025-11-15 19:49:34.205021+00,1,19.6,55
948,2025-11-15 20:04:42.267645+00,1,18.8,56
949,2025-11-15 20:19:50.491374+00,1,18.5,55
950,2025-11-15 20:34:58.634889+00,1,19.3,54
951,2025-11-15 20:50:06.728285+00,1,19.1,54
952,2025-11-15 21:05:34.920332+00,1,18.9,54
953,2025-11-15 21:21:03.1348+00,1,18.4,55
954,2025-11-15 21:36:11.099912+00,1,18.4,55